{
    "swagger": "2.0",
    "info": {
        "description": "wcrm-system",
        "title": "WCRM",
        "contact": {},
        "version": "1.0"
    },
    "paths": {
        "/v1/file-upload/{id}": {
            "post": {
                "security": [
                    {
                        "ApiKeyAuth": []
                    }
                ],
                "description": "Api for image upload",
                "consumes": [
                    "application/json"
                ],
                "produces": [
                    "application/json"
                ],
                "tags": [
                    "file-upload"
                ],
                "summary": "Image upload",
                "parameters": [
                    {
                        "type": "string",
                        "description": "Id Product",
                        "name": "id",
                        "in": "path",
                        "required": true
                    },
                    {
                        "type": "file",
                        "description": "Image",
                        "name": "file",
                        "in": "formData",
                        "required": true
                    }
                ],
                "responses": {
                    "200": {
                        "description": "OK",
                        "schema": {
                            "type": "string"
                        }
                    },
                    "400": {
                        "description": "Bad Request",
                        "schema": {
                            "type": "string"
                        }
                    },
                    "500": {
                        "description": "Internal Server Error",
                        "schema": {
                            "type": "string"
                        }
                    }
                }
            }
        },
        "/v1/geolocation/create": {
            "post": {
                "security": [
                    {
                        "ApiKeyAuth": []
                    }
                ],
                "description": "Api for create geolocation",
                "consumes": [
                    "application/json"
                ],
                "produces": [
                    "application/json"
                ],
                "tags": [
                    "Geolocation"
                ],
                "summary": "Create Geolocation",
                "parameters": [
                    {
                        "description": "Create Geolocation",
                        "name": "Geolocation",
                        "in": "body",
                        "required": true,
                        "schema": {
                            "$ref": "#/definitions/models.CreateGeolocation"
                        }
                    }
                ],
                "responses": {
                    "200": {
                        "description": "OK",
                        "schema": {
                            "$ref": "#/definitions/models.Geolocation"
                        }
                    },
                    "404": {
                        "description": "Not Found",
                        "schema": {
                            "$ref": "#/definitions/models.StandartError"
                        }
                    },
                    "500": {
                        "description": "Internal Server Error",
                        "schema": {
                            "$ref": "#/definitions/models.StandartError"
                        }
                    }
                }
            }
        },
        "/v1/geolocation/delete/{id}": {
            "delete": {
                "security": [
                    {
                        "ApiKeyAuth": []
                    }
                ],
                "description": "Api for delete geolocation",
                "consumes": [
                    "application/json"
                ],
                "produces": [
                    "application/json"
                ],
                "tags": [
                    "Geolocation"
                ],
                "summary": "Delete Geolocation",
                "parameters": [
                    {
                        "type": "string",
                        "description": "Id Geolocation",
                        "name": "id",
                        "in": "path",
                        "required": true
                    }
                ],
                "responses": {
                    "200": {
                        "description": "OK",
                        "schema": {
                            "$ref": "#/definitions/models.CheckResponse"
                        }
                    },
                    "404": {
                        "description": "Not Found",
                        "schema": {
                            "$ref": "#/definitions/models.StandartError"
                        }
                    },
                    "500": {
                        "description": "Internal Server Error",
                        "schema": {
                            "$ref": "#/definitions/models.StandartError"
                        }
                    }
                }
            }
        },
        "/v1/geolocation/get/{id}": {
            "get": {
                "security": [
                    {
                        "ApiKeyAuth": []
                    }
                ],
                "description": "Api for get geolocation",
                "consumes": [
                    "application/json"
                ],
                "produces": [
                    "application/json"
                ],
                "tags": [
                    "Geolocation"
                ],
                "summary": "Get Geolocation",
                "parameters": [
                    {
                        "type": "string",
                        "description": "Id Geolocation",
                        "name": "id",
                        "in": "path",
                        "required": true
                    }
                ],
                "responses": {
                    "200": {
                        "description": "OK",
                        "schema": {
                            "$ref": "#/definitions/models.Geolocation"
                        }
                    },
                    "404": {
                        "description": "Not Found",
                        "schema": {
                            "$ref": "#/definitions/models.StandartError"
                        }
                    },
                    "500": {
                        "description": "Internal Server Error",
                        "schema": {
                            "$ref": "#/definitions/models.StandartError"
                        }
                    }
                }
            }
        },
        "/v1/geolocation/update": {
            "put": {
                "security": [
                    {
                        "ApiKeyAuth": []
                    }
                ],
                "description": "Api for update geolocation",
                "consumes": [
                    "application/json"
                ],
                "produces": [
                    "application/json"
                ],
                "tags": [
                    "Geolocation"
                ],
                "summary": "Update Geolocation",
                "parameters": [
                    {
                        "description": "Update Geolocation",
                        "name": "Geolocation",
                        "in": "body",
                        "required": true,
                        "schema": {
                            "$ref": "#/definitions/models.UpdateGeolocation"
                        }
                    }
                ],
                "responses": {
                    "200": {
                        "description": "OK",
                        "schema": {
                            "$ref": "#/definitions/models.Geolocation"
                        }
                    },
                    "400": {
                        "description": "Bad Request",
                        "schema": {
                            "$ref": "#/definitions/models.StandartError"
                        }
                    },
                    "500": {
                        "description": "Internal Server Error",
                        "schema": {
                            "$ref": "#/definitions/models.StandartError"
                        }
                    }
                }
            }
        },
        "/v1/geolocations/get/{page}/{limit}": {
            "get": {
                "security": [
                    {
                        "ApiKeyAuth": []
                    }
                ],
                "description": "Api for get all geolocation",
                "consumes": [
                    "application/json"
                ],
                "produces": [
                    "application/json"
                ],
                "tags": [
                    "Geolocation"
                ],
                "summary": "Get List Geolocation",
                "parameters": [
                    {
                        "type": "string",
                        "description": "Owner Id",
                        "name": "id",
                        "in": "path",
                        "required": true
                    }
                ],
                "responses": {
                    "200": {
                        "description": "OK",
                        "schema": {
                            "$ref": "#/definitions/models.GeolocationList"
                        }
                    },
                    "404": {
                        "description": "Not Found",
                        "schema": {
                            "$ref": "#/definitions/models.StandartError"
                        }
                    },
                    "500": {
                        "description": "Internal Server Error",
                        "schema": {
                            "$ref": "#/definitions/models.StandartError"
                        }
                    }
                }
            }
        },
        "/v1/login": {
            "get": {
                "description": "Api for Login",
                "consumes": [
                    "application/json"
                ],
                "produces": [
                    "application/json"
                ],
                "tags": [
                    "Register"
                ],
                "summary": "Login owner",
                "parameters": [
                    {
                        "type": "string",
                        "description": "EMAIL",
                        "name": "email",
                        "in": "query",
                        "required": true
                    },
                    {
                        "type": "string",
                        "description": "PASSWORD",
                        "name": "password",
                        "in": "query",
                        "required": true
                    }
                ],
                "responses": {
                    "200": {
                        "description": "OK",
                        "schema": {
                            "$ref": "#/definitions/models.ResponseAccessToken"
                        }
                    },
                    "400": {
                        "description": "Bad Request",
                        "schema": {
                            "$ref": "#/definitions/models.StandartError"
                        }
                    },
                    "500": {
                        "description": "Internal Server Error",
                        "schema": {
                            "$ref": "#/definitions/models.StandartError"
                        }
                    }
                }
            }
        },
        "/v1/order/create": {
            "post": {
                "security": [
                    {
                        "ApiKeyAuth": []
                    }
                ],
                "description": "Api for create oder",
                "consumes": [
                    "application/json"
                ],
                "produces": [
                    "application/json"
                ],
                "tags": [
                    "Order"
                ],
                "summary": "Create Order",
                "parameters": [
                    {
                        "description": "Create Order",
                        "name": "Order",
                        "in": "body",
                        "required": true,
                        "schema": {
                            "$ref": "#/definitions/models.CreateOrder"
                        }
                    }
                ],
                "responses": {
                    "200": {
                        "description": "OK",
                        "schema": {
                            "$ref": "#/definitions/models.Order"
                        }
                    },
                    "404": {
                        "description": "Not Found",
                        "schema": {
                            "$ref": "#/definitions/models.StandartError"
                        }
                    },
                    "500": {
                        "description": "Internal Server Error",
                        "schema": {
                            "$ref": "#/definitions/models.StandartError"
                        }
                    }
                }
            }
        },
        "/v1/order/delete/{id}": {
            "delete": {
                "security": [
                    {
                        "ApiKeyAuth": []
                    }
                ],
                "description": "Api for delete order",
                "consumes": [
                    "application/json"
                ],
                "produces": [
                    "application/json"
                ],
                "tags": [
                    "Order"
                ],
                "summary": "Delete Order",
                "parameters": [
                    {
                        "type": "string",
                        "description": "Id Order",
                        "name": "id",
                        "in": "path",
                        "required": true
                    }
                ],
                "responses": {
                    "200": {
                        "description": "OK",
                        "schema": {
                            "$ref": "#/definitions/models.CheckResponse"
                        }
                    },
                    "404": {
                        "description": "Not Found",
                        "schema": {
                            "$ref": "#/definitions/models.StandartError"
                        }
                    },
                    "500": {
                        "description": "Internal Server Error",
                        "schema": {
                            "$ref": "#/definitions/models.StandartError"
                        }
                    }
                }
            }
        },
        "/v1/order/get/{id}": {
            "get": {
                "security": [
                    {
                        "ApiKeyAuth": []
                    }
                ],
                "description": "Api for get order",
                "consumes": [
                    "application/json"
                ],
                "produces": [
                    "application/json"
                ],
                "tags": [
                    "Order"
                ],
                "summary": "Get Order",
                "parameters": [
                    {
                        "type": "string",
                        "description": "Id Order",
                        "name": "id",
                        "in": "path",
                        "required": true
                    }
                ],
                "responses": {
                    "200": {
                        "description": "OK",
                        "schema": {
                            "$ref": "#/definitions/models.Order"
                        }
                    },
                    "404": {
                        "description": "Not Found",
                        "schema": {
                            "$ref": "#/definitions/models.StandartError"
                        }
                    },
                    "500": {
                        "description": "Internal Server Error",
                        "schema": {
                            "$ref": "#/definitions/models.StandartError"
                        }
                    }
                }
            }
        },
        "/v1/order/update": {
            "put": {
                "security": [
                    {
                        "ApiKeyAuth": []
                    }
                ],
                "description": "Api for update order",
                "consumes": [
                    "application/json"
                ],
                "produces": [
                    "application/json"
                ],
                "tags": [
                    "Order"
                ],
                "summary": "Update Order",
                "parameters": [
                    {
                        "description": "Update Order",
                        "name": "Order",
                        "in": "body",
                        "required": true,
                        "schema": {
                            "$ref": "#/definitions/models.UpdateOrder"
                        }
                    }
                ],
                "responses": {
                    "400": {
                        "description": "Bad Request",
                        "schema": {
                            "$ref": "#/definitions/models.StandartError"
                        }
                    },
                    "500": {
                        "description": "Internal Server Error",
                        "schema": {
                            "$ref": "#/definitions/models.StandartError"
                        }
                    }
                }
            }
        },
        "/v1/orders/get/{page}/{limit}": {
            "get": {
                "security": [
                    {
                        "ApiKeyAuth": []
                    }
                ],
                "description": "Api for get all product",
                "consumes": [
                    "application/json"
                ],
                "produces": [
                    "application/json"
                ],
                "tags": [
                    "Order"
                ],
                "summary": "Get List Order",
                "parameters": [
                    {
                        "type": "string",
                        "description": "Page Order",
                        "name": "page",
                        "in": "path",
                        "required": true
                    },
                    {
                        "type": "string",
                        "description": "Limit Order",
                        "name": "limit",
                        "in": "path",
                        "required": true
                    }
                ],
                "responses": {
                    "200": {
                        "description": "OK",
                        "schema": {
                            "$ref": "#/definitions/models.OrderList"
                        }
                    },
                    "404": {
                        "description": "Not Found",
                        "schema": {
                            "$ref": "#/definitions/models.StandartError"
                        }
                    },
                    "500": {
                        "description": "Internal Server Error",
                        "schema": {
                            "$ref": "#/definitions/models.StandartError"
                        }
                    }
                }
            }
        },
        "/v1/owner/create": {
            "post": {
                "security": [
                    {
                        "ApiKeyAuth": []
                    }
                ],
                "description": "Api for create owner",
                "consumes": [
                    "application/json"
                ],
                "produces": [
                    "application/json"
                ],
                "tags": [
                    "User"
                ],
                "summary": "Create Owner",
                "parameters": [
                    {
                        "description": "Create Owner",
                        "name": "Product",
                        "in": "body",
                        "required": true,
                        "schema": {
                            "$ref": "#/definitions/models.CreateOwner"
                        }
                    }
                ],
                "responses": {
                    "200": {
                        "description": "OK",
                        "schema": {
                            "$ref": "#/definitions/models.Owner"
                        }
                    },
                    "404": {
                        "description": "Not Found",
                        "schema": {
                            "$ref": "#/definitions/models.StandartError"
                        }
                    },
                    "500": {
                        "description": "Internal Server Error",
                        "schema": {
                            "$ref": "#/definitions/models.StandartError"
                        }
                    }
                }
            }
        },
        "/v1/owner/delete/{id}": {
            "delete": {
                "security": [
                    {
                        "ApiKeyAuth": []
                    }
                ],
                "description": "Api for delete product",
                "consumes": [
                    "application/json"
                ],
                "produces": [
                    "application/json"
                ],
                "tags": [
                    "User"
                ],
                "summary": "Delete Owner",
                "parameters": [
                    {
                        "type": "string",
                        "description": "Id Owner",
                        "name": "id",
                        "in": "path",
                        "required": true
                    }
                ],
                "responses": {
                    "200": {
                        "description": "OK",
                        "schema": {
                            "$ref": "#/definitions/models.CheckResponse"
                        }
                    },
                    "404": {
                        "description": "Not Found",
                        "schema": {
                            "$ref": "#/definitions/models.StandartError"
                        }
                    },
                    "500": {
                        "description": "Internal Server Error",
                        "schema": {
                            "$ref": "#/definitions/models.StandartError"
                        }
                    }
                }
            }
        },
        "/v1/owner/get/{id}": {
            "get": {
                "security": [
                    {
                        "ApiKeyAuth": []
                    }
                ],
                "description": "Api for get product",
                "consumes": [
                    "application/json"
                ],
                "produces": [
                    "application/json"
                ],
                "tags": [
                    "User"
                ],
                "summary": "Get Owner",
                "parameters": [
                    {
                        "type": "string",
                        "description": "Id Owner",
                        "name": "id",
                        "in": "path",
                        "required": true
                    }
                ],
                "responses": {
                    "200": {
                        "description": "OK",
                        "schema": {
                            "$ref": "#/definitions/models.Owner"
                        }
                    },
                    "404": {
                        "description": "Not Found",
                        "schema": {
                            "$ref": "#/definitions/models.StandartError"
                        }
                    },
                    "500": {
                        "description": "Internal Server Error",
                        "schema": {
                            "$ref": "#/definitions/models.StandartError"
                        }
                    }
                }
            }
        },
        "/v1/owner/update": {
            "put": {
                "security": [
                    {
                        "ApiKeyAuth": []
                    }
                ],
                "description": "Api for update product",
                "consumes": [
                    "application/json"
                ],
                "produces": [
                    "application/json"
                ],
                "tags": [
                    "User"
                ],
                "summary": "Update Owner",
                "parameters": [
                    {
                        "description": "Update Owner",
                        "name": "Owner",
                        "in": "body",
                        "required": true,
                        "schema": {
                            "$ref": "#/definitions/models.UpdateOwner"
                        }
                    }
                ],
                "responses": {
                    "200": {
                        "description": "OK",
                        "schema": {
                            "$ref": "#/definitions/models.Owner"
                        }
                    },
                    "400": {
                        "description": "Bad Request",
                        "schema": {
                            "$ref": "#/definitions/models.StandartError"
                        }
                    },
                    "500": {
                        "description": "Internal Server Error",
                        "schema": {
                            "$ref": "#/definitions/models.StandartError"
                        }
                    }
                }
            }
        },
        "/v1/owners/get/{page}/{limit}": {
            "get": {
                "security": [
                    {
                        "ApiKeyAuth": []
                    }
                ],
                "description": "Api for get all product",
                "consumes": [
                    "application/json"
                ],
                "produces": [
                    "application/json"
                ],
                "tags": [
                    "User"
                ],
                "summary": "Get List Owner",
                "parameters": [
                    {
                        "type": "string",
                        "description": "Page Owner",
                        "name": "page",
                        "in": "path",
                        "required": true
                    },
                    {
                        "type": "string",
                        "description": "Limit Owner",
                        "name": "limit",
                        "in": "path",
                        "required": true
                    }
                ],
                "responses": {
                    "200": {
                        "description": "OK",
                        "schema": {
                            "$ref": "#/definitions/models.OwnerList"
                        }
                    },
                    "404": {
                        "description": "Not Found",
                        "schema": {
                            "$ref": "#/definitions/models.StandartError"
                        }
                    },
                    "500": {
                        "description": "Internal Server Error",
                        "schema": {
                            "$ref": "#/definitions/models.StandartError"
                        }
                    }
                }
            }
        },
        "/v1/product/create": {
            "post": {
                "security": [
                    {
                        "ApiKeyAuth": []
                    }
                ],
                "description": "Api for create product",
                "consumes": [
                    "application/json"
                ],
                "produces": [
                    "application/json"
                ],
                "tags": [
                    "Product"
                ],
                "summary": "Create Product",
                "parameters": [
                    {
                        "description": "Create Product",
                        "name": "Product",
                        "in": "body",
                        "required": true,
                        "schema": {
                            "$ref": "#/definitions/models.CreateProduct"
                        }
                    }
                ],
                "responses": {
                    "200": {
                        "description": "OK",
                        "schema": {
                            "$ref": "#/definitions/models.Product"
                        }
                    },
                    "404": {
                        "description": "Not Found",
                        "schema": {
                            "$ref": "#/definitions/models.StandartError"
                        }
                    },
                    "500": {
                        "description": "Internal Server Error",
                        "schema": {
                            "$ref": "#/definitions/models.StandartError"
                        }
                    }
                }
            }
        },
        "/v1/product/delete/{id}": {
            "delete": {
                "security": [
                    {
                        "ApiKeyAuth": []
                    }
                ],
                "description": "Api for delete product",
                "consumes": [
                    "application/json"
                ],
                "produces": [
                    "application/json"
                ],
                "tags": [
                    "Product"
                ],
                "summary": "Delete Product",
                "parameters": [
                    {
                        "type": "string",
                        "description": "Id Product",
                        "name": "id",
                        "in": "path",
                        "required": true
                    }
                ],
                "responses": {
                    "200": {
                        "description": "OK",
                        "schema": {
                            "$ref": "#/definitions/models.CheckResponse"
                        }
                    },
                    "404": {
                        "description": "Not Found",
                        "schema": {
                            "$ref": "#/definitions/models.StandartError"
                        }
                    },
                    "500": {
                        "description": "Internal Server Error",
                        "schema": {
                            "$ref": "#/definitions/models.StandartError"
                        }
                    }
                }
            }
        },
        "/v1/product/get/{id}": {
            "get": {
                "security": [
                    {
                        "ApiKeyAuth": []
                    }
                ],
                "description": "Api for get product",
                "consumes": [
                    "application/json"
                ],
                "produces": [
                    "application/json"
                ],
                "tags": [
                    "Product"
                ],
                "summary": "Get Product",
                "parameters": [
                    {
                        "type": "string",
                        "description": "Id Product",
                        "name": "id",
                        "in": "path",
                        "required": true
                    }
                ],
                "responses": {
                    "200": {
                        "description": "OK",
                        "schema": {
                            "$ref": "#/definitions/models.Product"
                        }
                    },
                    "404": {
                        "description": "Not Found",
                        "schema": {
                            "$ref": "#/definitions/models.StandartError"
                        }
                    },
                    "500": {
                        "description": "Internal Server Error",
                        "schema": {
                            "$ref": "#/definitions/models.StandartError"
                        }
                    }
                }
            }
        },
        "/v1/product/search": {
            "post": {
                "security": [
                    {
                        "ApiKeyAuth": []
                    }
                ],
                "description": "Api for search product by title",
                "consumes": [
                    "application/json"
                ],
                "produces": [
                    "application/json"
                ],
                "tags": [
                    "Product"
                ],
                "summary": "Search Product",
                "parameters": [
                    {
                        "description": "Search Products",
                        "name": "Product",
                        "in": "body",
                        "required": true,
                        "schema": {
                            "$ref": "#/definitions/models.SearchProductRequest"
                        }
                    }
                ],
                "responses": {
                    "200": {
                        "description": "OK",
                        "schema": {
                            "$ref": "#/definitions/models.ProductList"
                        }
                    },
                    "404": {
                        "description": "Not Found",
                        "schema": {
                            "$ref": "#/definitions/models.StandartError"
                        }
                    },
                    "500": {
                        "description": "Internal Server Error",
                        "schema": {
                            "$ref": "#/definitions/models.StandartError"
                        }
                    }
                }
            }
        },
        "/v1/product/update": {
            "put": {
                "security": [
                    {
                        "ApiKeyAuth": []
                    }
                ],
                "description": "Api for update product",
                "consumes": [
                    "application/json"
                ],
                "produces": [
                    "application/json"
                ],
                "tags": [
                    "Product"
                ],
                "summary": "Update Product",
                "parameters": [
                    {
                        "description": "Update Product",
                        "name": "Product",
                        "in": "body",
                        "required": true,
                        "schema": {
                            "$ref": "#/definitions/models.UpdateProduct"
                        }
                    }
                ],
                "responses": {
                    "200": {
                        "description": "OK",
                        "schema": {
                            "$ref": "#/definitions/models.Product"
                        }
                    },
                    "400": {
                        "description": "Bad Request",
                        "schema": {
                            "$ref": "#/definitions/models.StandartError"
                        }
                    },
                    "500": {
                        "description": "Internal Server Error",
                        "schema": {
                            "$ref": "#/definitions/models.StandartError"
                        }
                    }
                }
            }
        },
        "/v1/products/get/{page}/{limit}": {
            "get": {
                "security": [
                    {
                        "ApiKeyAuth": []
                    }
                ],
                "description": "Api for get all product",
                "consumes": [
                    "application/json"
                ],
                "produces": [
                    "application/json"
                ],
                "tags": [
                    "Product"
                ],
                "summary": "Get List Product",
                "parameters": [
                    {
                        "type": "string",
                        "description": "Page Product",
                        "name": "page",
                        "in": "path",
                        "required": true
                    },
                    {
                        "type": "string",
                        "description": "Limit Product",
                        "name": "limit",
                        "in": "path",
                        "required": true
                    }
                ],
                "responses": {
                    "200": {
                        "description": "OK",
                        "schema": {
                            "$ref": "#/definitions/models.ProductList"
                        }
                    },
                    "404": {
                        "description": "Not Found",
                        "schema": {
                            "$ref": "#/definitions/models.StandartError"
                        }
                    },
                    "500": {
                        "description": "Internal Server Error",
                        "schema": {
                            "$ref": "#/definitions/models.StandartError"
                        }
                    }
                }
            }
        },
        "/v1/products/get_category_id": {
            "post": {
                "security": [
                    {
                        "ApiKeyAuth": []
                    }
                ],
                "description": "Api for get all product by category_id",
                "consumes": [
                    "application/json"
                ],
                "produces": [
                    "application/json"
                ],
                "tags": [
                    "Product"
                ],
                "summary": "Get all product by category_id",
                "parameters": [
                    {
                        "description": "Get Products",
                        "name": "Product",
                        "in": "body",
                        "required": true,
                        "schema": {
                            "$ref": "#/definitions/models.GetAllProductByCategoryIdRequest"
                        }
                    }
                ],
                "responses": {
                    "200": {
                        "description": "OK",
                        "schema": {
                            "$ref": "#/definitions/models.ProductList"
                        }
                    },
                    "404": {
                        "description": "Not Found",
                        "schema": {
                            "$ref": "#/definitions/models.StandartError"
                        }
                    },
                    "500": {
                        "description": "Internal Server Error",
                        "schema": {
                            "$ref": "#/definitions/models.StandartError"
                        }
                    }
                }
            }
        },
        "/v1/register": {
            "post": {
                "description": "Api for Registering",
                "consumes": [
                    "application/json"
                ],
                "produces": [
                    "application/json"
                ],
                "tags": [
                    "Register"
                ],
                "summary": "Register",
                "parameters": [
                    {
                        "description": "owner",
                        "name": "Owner",
                        "in": "body",
                        "required": true,
                        "schema": {
                            "$ref": "#/definitions/models.RegisterOwner"
                        }
                    }
                ],
                "responses": {
                    "200": {
                        "description": "OK",
                        "schema": {
                            "type": "string"
                        }
                    },
                    "400": {
                        "description": "Bad Request",
                        "schema": {
                            "$ref": "#/definitions/models.StandartError"
                        }
                    },
                    "500": {
                        "description": "Internal Server Error",
                        "schema": {
                            "$ref": "#/definitions/models.StandartError"
                        }
                    }
                }
            }
        },
        "/v1/verification": {
            "get": {
                "description": "LogIn - Verify a user with code sent to their email",
                "consumes": [
                    "application/json"
                ],
                "produces": [
                    "application/json"
                ],
                "tags": [
                    "Register"
                ],
                "summary": "Verify owner",
                "parameters": [
                    {
                        "type": "string",
                        "description": "Email",
                        "name": "email",
                        "in": "query",
                        "required": true
                    },
                    {
                        "type": "string",
                        "description": "Code",
                        "name": "code",
                        "in": "query",
                        "required": true
                    }
                ],
                "responses": {
                    "200": {
                        "description": "OK",
                        "schema": {
                            "$ref": "#/definitions/models.OwnerResponse"
                        }
                    },
                    "400": {
                        "description": "Bad Request",
                        "schema": {
                            "$ref": "#/definitions/models.StandartError"
                        }
                    },
                    "500": {
                        "description": "Internal Server Error",
                        "schema": {
                            "$ref": "#/definitions/models.StandartError"
                        }
                    }
                }
            }
        },
        "/v1/worker/create": {
            "post": {
                "security": [
                    {
                        "ApiKeyAuth": []
                    }
                ],
                "description": "Api for create worker",
                "consumes": [
                    "application/json"
                ],
                "produces": [
                    "application/json"
                ],
                "tags": [
                    "Worker"
                ],
                "summary": "Create Worker",
                "parameters": [
                    {
                        "description": "Create Worker",
                        "name": "Worker",
                        "in": "body",
                        "required": true,
                        "schema": {
                            "$ref": "#/definitions/models.CreateWorker"
                        }
                    }
                ],
                "responses": {
                    "200": {
                        "description": "OK",
                        "schema": {
                            "$ref": "#/definitions/models.Worker"
                        }
                    },
                    "404": {
                        "description": "Not Found",
                        "schema": {
                            "$ref": "#/definitions/models.StandartError"
                        }
                    },
                    "500": {
                        "description": "Internal Server Error",
                        "schema": {
                            "$ref": "#/definitions/models.StandartError"
                        }
                    }
                }
            }
        },
        "/v1/worker/delete/{id}": {
            "delete": {
                "security": [
                    {
                        "ApiKeyAuth": []
                    }
                ],
                "description": "Api for delete worker",
                "consumes": [
                    "application/json"
                ],
                "produces": [
                    "application/json"
                ],
                "tags": [
                    "Worker"
                ],
                "summary": "Delete Worker",
                "parameters": [
                    {
                        "type": "string",
                        "description": "Id Worker",
                        "name": "id",
                        "in": "path",
                        "required": true
                    }
                ],
                "responses": {
                    "200": {
                        "description": "OK",
                        "schema": {
                            "$ref": "#/definitions/models.CheckResponse"
                        }
                    },
                    "404": {
                        "description": "Not Found",
                        "schema": {
                            "$ref": "#/definitions/models.StandartError"
                        }
                    },
                    "500": {
                        "description": "Internal Server Error",
                        "schema": {
                            "$ref": "#/definitions/models.StandartError"
                        }
                    }
                }
            }
        },
        "/v1/worker/get/{id}": {
            "get": {
                "security": [
                    {
                        "ApiKeyAuth": []
                    }
                ],
                "description": "Api for get worker",
                "consumes": [
                    "application/json"
                ],
                "produces": [
                    "application/json"
                ],
                "tags": [
                    "Worker"
                ],
                "summary": "Get Worker",
                "parameters": [
                    {
                        "type": "string",
                        "description": "Id Worker",
                        "name": "id",
                        "in": "path",
                        "required": true
                    }
                ],
                "responses": {
                    "200": {
                        "description": "OK",
                        "schema": {
                            "$ref": "#/definitions/models.Worker"
                        }
                    },
                    "404": {
                        "description": "Not Found",
                        "schema": {
                            "$ref": "#/definitions/models.StandartError"
                        }
                    },
                    "500": {
                        "description": "Internal Server Error",
                        "schema": {
                            "$ref": "#/definitions/models.StandartError"
                        }
                    }
                }
            }
        },
        "/v1/worker/update": {
            "put": {
                "security": [
                    {
                        "ApiKeyAuth": []
                    }
                ],
                "description": "Api for update worker",
                "consumes": [
                    "application/json"
                ],
                "produces": [
                    "application/json"
                ],
                "tags": [
                    "Worker"
                ],
                "summary": "Update Worker",
                "parameters": [
                    {
                        "description": "Update Worker",
                        "name": "Worker",
                        "in": "body",
                        "required": true,
                        "schema": {
                            "$ref": "#/definitions/models.UpdateWorker"
                        }
                    }
                ],
                "responses": {
                    "200": {
                        "description": "OK",
                        "schema": {
                            "$ref": "#/definitions/models.Worker"
                        }
                    },
                    "400": {
                        "description": "Bad Request",
                        "schema": {
                            "$ref": "#/definitions/models.StandartError"
                        }
                    },
                    "500": {
                        "description": "Internal Server Error",
                        "schema": {
                            "$ref": "#/definitions/models.StandartError"
                        }
                    }
                }
            }
        },
        "/v1/workers/get/{page}/{limit}": {
            "get": {
                "security": [
                    {
                        "ApiKeyAuth": []
                    }
                ],
                "description": "Api for get all worker",
                "consumes": [
                    "application/json"
                ],
                "produces": [
                    "application/json"
                ],
                "tags": [
                    "Worker"
                ],
                "summary": "Get List Worker",
                "parameters": [
                    {
                        "type": "string",
                        "description": "Page Worker",
                        "name": "page",
                        "in": "path",
                        "required": true
                    },
                    {
                        "type": "string",
                        "description": "Limit Worker",
                        "name": "limit",
                        "in": "path",
                        "required": true
                    }
                ],
                "responses": {
                    "200": {
                        "description": "OK",
                        "schema": {
                            "$ref": "#/definitions/models.WorkerList"
                        }
                    },
                    "404": {
                        "description": "Not Found",
                        "schema": {
                            "$ref": "#/definitions/models.StandartError"
                        }
                    },
                    "500": {
                        "description": "Internal Server Error",
                        "schema": {
                            "$ref": "#/definitions/models.StandartError"
                        }
                    }
                }
            }
        }
    },
    "definitions": {
        "models.CheckResponse": {
            "type": "object",
            "properties": {
                "chack": {
                    "type": "boolean"
                }
            }
        },
        "models.CreateGeolocation": {
            "type": "object",
            "properties": {
                "latitude": {
                    "type": "number"
                },
                "longitude": {
                    "type": "number"
                },
                "owner_id": {
                    "type": "string"
                }
            }
        },
        "models.CreateOrder": {
            "type": "object",
            "properties": {
                "discount": {
                    "type": "integer"
                },
                "product_id": {
                    "type": "integer"
                },
                "tax": {
                    "type": "integer"
                },
                "total_price": {
                    "type": "integer"
                },
                "worker_id": {
                    "type": "integer"
                }
            }
        },
        "models.CreateOwner": {
            "type": "object",
            "properties": {
                "avatar": {
                    "type": "string"
                },
                "company_name": {
                    "type": "string"
                },
                "email": {
                    "type": "string"
                },
                "full_name": {
                    "type": "string"
                },
                "password": {
                    "type": "string"
                },
                "tax": {
                    "type": "integer"
                }
            }
        },
        "models.CreateProduct": {
            "type": "object",
            "properties": {
                "category_id": {
                    "type": "integer",
                    "example": 7
                },
                "description": {
                    "type": "string",
                    "example": "Juda mazzali"
                },
                "discount": {
                    "type": "integer",
                    "example": 12
                },
                "picture": {
                    "type": "string",
                    "example": "http://static/images/myimage.jpg"
                },
                "price": {
                    "type": "integer",
                    "example": 20000
                },
                "title": {
                    "type": "string"
                }
            }
        },
        "models.CreateWorker": {
            "type": "object",
            "properties": {
                "full_name": {
                    "type": "string"
                },
                "login_key": {
                    "type": "string"
                },
                "owner_id": {
                    "type": "string"
                },
                "password": {
                    "type": "string"
                }
            }
        },
        "models.Error": {
            "type": "object",
            "properties": {
                "message": {
                    "type": "string"
                }
            }
        },
        "models.Geolocation": {
            "type": "object",
            "properties": {
                "id": {
                    "type": "integer"
                },
                "latitude": {
                    "type": "number"
                },
                "longitude": {
                    "type": "number"
                },
                "owner_id": {
                    "type": "string"
                }
            }
        },
        "models.GeolocationList": {
            "type": "object",
            "properties": {
                "geolocations": {
                    "type": "array",
                    "items": {
                        "$ref": "#/definitions/models.Geolocation"
                    }
                }
            }
        },
        "models.GetAllProductByCategoryIdRequest": {
            "type": "object",
            "properties": {
                "category_id": {
                    "type": "integer"
                },
                "limit": {
                    "type": "integer"
                },
                "page": {
                    "type": "integer"
                }
            }
        },
        "models.Order": {
            "type": "object",
            "properties": {
                "created_at": {
                    "type": "string"
                },
                "discount": {
                    "type": "integer"
                },
                "id": {
                    "type": "integer"
                },
                "product_id": {
                    "type": "integer"
                },
                "tax": {
                    "type": "integer"
                },
                "total_price": {
                    "type": "integer"
                },
                "worker_id": {
                    "type": "integer"
                }
            }
        },
        "models.OrderList": {
            "type": "object",
            "properties": {
                "orders": {
                    "type": "array",
                    "items": {
                        "$ref": "#/definitions/models.Order"
                    }
                }
            }
        },
        "models.Owner": {
            "type": "object",
            "properties": {
                "avatar": {
                    "type": "string"
                },
                "company_name": {
                    "type": "string"
                },
                "created_at": {
                    "type": "string"
                },
                "email": {
                    "type": "string"
                },
                "full_name": {
                    "type": "string"
                },
                "id": {
                    "type": "string"
                },
                "password": {
                    "type": "string"
                },
                "tax": {
                    "type": "integer"
                },
                "updated_at": {
                    "type": "string"
                }
            }
        },
        "models.OwnerList": {
            "type": "object",
            "properties": {
                "owners": {
                    "type": "array",
                    "items": {
                        "$ref": "#/definitions/models.Owner"
                    }
                }
            }
        },
        "models.OwnerResponse": {
            "type": "object",
            "properties": {
                "access_token": {
                    "type": "string"
                },
                "avatar": {
                    "type": "string"
                },
                "company_name": {
                    "type": "string"
                },
                "email": {
                    "type": "string"
                },
                "full_name": {
                    "type": "string"
                },
                "id": {
                    "type": "string"
                },
                "password": {
                    "type": "string"
                },
                "tax": {
                    "type": "integer"
                }
            }
        },
        "models.Product": {
            "type": "object",
            "properties": {
                "category_id": {
                    "type": "integer"
                },
                "created_at": {
                    "type": "string"
                },
                "description": {
                    "type": "string"
                },
                "discount": {
                    "type": "integer"
                },
                "id": {
                    "type": "integer"
                },
                "picture": {
                    "type": "string"
                },
                "price": {
                    "type": "integer"
                },
                "title": {
                    "type": "string"
                },
                "updated_at": {
                    "type": "string"
                }
            }
        },
        "models.ProductList": {
            "type": "object",
            "properties": {
                "products": {
                    "type": "array",
                    "items": {
                        "$ref": "#/definitions/models.Product"
                    }
                }
            }
        },
        "models.RegisterOwner": {
            "type": "object",
            "properties": {
                "avatar": {
                    "type": "string"
                },
                "company_name": {
                    "type": "string"
                },
                "email": {
                    "type": "string"
                },
                "full_name": {
                    "type": "string"
                },
                "password": {
                    "type": "string"
                },
                "tax": {
                    "type": "integer"
                }
            }
        },
        "models.ResponseAccessToken": {
            "type": "object",
            "properties": {
                "accessToken": {
                    "type": "string"
                }
            }
        },
        "models.SearchProductRequest": {
            "type": "object",
            "properties": {
                "limit": {
                    "type": "integer"
                },
                "page": {
                    "type": "integer"
                },
                "title": {
                    "type": "string"
                }
            }
        },
        "models.StandartError": {
            "type": "object",
            "properties": {
                "error": {
                    "$ref": "#/definitions/models.Error"
                }
            }
        },
        "models.UpdateGeolocation": {
            "type": "object",
            "properties": {
                "id": {
                    "type": "integer"
                },
                "latitude": {
                    "type": "number"
                },
                "longitude": {
                    "type": "number"
                },
                "owner_id": {
                    "type": "string"
                }
            }
        },
        "models.UpdateOrder": {
            "type": "object",
            "properties": {
                "discount": {
                    "type": "integer"
                },
                "id": {
                    "type": "integer"
                },
                "tax": {
                    "type": "integer"
                },
                "total_price": {
                    "type": "integer"
                }
            }
        },
        "models.UpdateOwner": {
            "type": "object",
            "properties": {
                "avatar": {
                    "type": "string"
                },
                "company_name": {
                    "type": "string"
                },
                "email": {
                    "type": "string"
                },
                "full_name": {
                    "type": "string"
                },
                "id": {
                    "type": "string"
                },
                "password": {
                    "type": "string"
                },
                "tax": {
                    "type": "integer"
                }
            }
        },
        "models.UpdateProduct": {
            "type": "object",
            "properties": {
                "category_id": {
                    "type": "integer"
                },
                "description": {
                    "type": "string"
                },
                "discount": {
                    "type": "integer"
                },
                "id": {
                    "type": "integer"
                },
                "picture": {
                    "type": "string"
                },
                "price": {
                    "type": "integer"
                },
                "title": {
                    "type": "string"
                }
            }
        },
        "models.UpdateWorker": {
            "type": "object",
            "properties": {
                "full_name": {
                    "type": "string"
                },
                "id": {
                    "type": "string"
                },
                "login_key": {
                    "type": "string"
                },
                "owner_id": {
                    "type": "string"
                },
                "password": {
                    "type": "string"
                }
            }
        },
        "models.Worker": {
            "type": "object",
            "properties": {
                "created_at": {
                    "type": "string"
                },
                "full_name": {
                    "type": "string"
                },
                "id": {
                    "type": "string"
                },
                "login_key": {
                    "type": "string"
                },
                "owner_id": {
                    "type": "string"
                },
                "password": {
                    "type": "string"
                },
                "updated_at": {
                    "type": "string"
                }
            }
        },
        "models.WorkerList": {
            "type": "object",
            "properties": {
                "workers": {
                    "type": "array",
                    "items": {
                        "$ref": "#/definitions/models.Worker"
                    }
                }
            }
        }
    },
    "securityDefinitions": {
        "ApiKeyAuth": {
            "type": "apiKey",
            "name": "Authorization",
            "in": "header"
        }
    }
}